,Complex,Metal,Solvent,E12,smiles,Reaction,redox_site_smiles
0,ADEGIB,Co3,DCM,-0.65,C[OH][Co+3]1234Oc5c(CN1(Cc1cc(cc(c1O2)C(C)(C)C)C(C)(C)C)c1ccccc1N3=Cc1cc(cc(c1O4)C(C)(C)C)C(C)(C)C)cc(cc5C(C)(C)C)C(C)(C)C,reduction,[Co+3]
1,ADEGIB,Co3,DCM,"0.23,0.63,1.0",C[OH][Co+3]1234Oc5c(CN1(Cc1cc(cc(c1O2)C(C)(C)C)C(C)(C)C)c1ccccc1N3=Cc1cc(cc(c1O4)C(C)(C)C)C(C)(C)C)cc(cc5C(C)(C)C)C(C)(C)C,oxidation,CC(C)(C)c1cc(C=Nc2ccccc2N(Cc2cc(C(C)(C)C)cc(C(C)(C)C)c2O)Cc2cc(C(C)(C)C)cc(C(C)(C)C)c2O)c(O)c(C(C)(C)C)c1/CC(C)(C)c1cc(C=Nc2ccccc2N(Cc2cc(C(C)(C)C)cc(C(C)(C)C)c2O)Cc2cc(C(C)(C)C)cc(C(C)(C)C)c2O)c(O)c(C(C)(C)C)c1/CC(C)(C)c1cc(C=Nc2ccccc2N(Cc2cc(C(C)(C)C)cc(C(C)(C)C)c2O)Cc2cc(C(C)(C)C)cc(C(C)(C)C)c2O)c(O)c(C(C)(C)C)c1
2,ADOLOX,Co2,ACN,-1.18,Br[Co+2]12(Br)(n3ccccc3C=N1c1ccc(cc1)C(O)=O)n1ccccc1C=N2c1ccc(cc1)C(O)=O,reduction,[Co+2]
3,AJONOD,Co2,ACN,-0.85,Br[Co+2]123(Br)N(=C(C)C(=N1c1ccccc1)C)O[B-](F)(F)ON2=C(C)C(=N3c1ccccc1)C,reduction,[Co+2]
4,AJONUJ,Co3,ACN,"-0.58,-1.05",Br[Co+3]12(Br)(N(=C(C)C(=N1c1ccc(OC)cc1)C)O)N(=C(C)C(=N2c1ccc(OC)cc1)C)[O-],reduction,[Co+3]/[Co+3]
5,AJOPAR,Co3,ACN,"-0.2,-0.82",Br[Co+3]123(Br)N(=C(C)C(=N1c1ccc(OC)cc1)C)O[B-](F)(F)ON2=C(C)C(=N3c1ccc(OC)cc1)C,reduction,[Co+3]/[Co+3]
6,AJOPEV,Co3,ACN,"-0.36,-1.03",Br[Co+3]12(Br)(N(=C(C)C(=N1c1ccc(CC(O)=O)cc1)C)O)N(=C(C)C(=N2c1ccc(CC(O)=O)cc1)C)[O-],reduction,[Co+3]/[Co+3]
7,AJOPIZ,Co3,ACN,"-0.4,-0.9",Br[Co+3]12(Br)(N(=C(C)C(=N1c1ccccc1c1ccccc1)C)O)N(=C(C)C(=N2c1ccccc1c1ccccc1)C)[O-],reduction,[Co+3]/[Co+3]
8,ALOVAZ,Mn3,DCM,-0.52,CCCCCCOc1ccc2C=N3CC[NH]4CC[NH]5CCN6=Cc7ccc(OCCCCCC)cc7O[Mn+3]3456Oc2c1,reduction,[Mn+3]
9,ALOVAZ,Mn3,DCM,0.21,CCCCCCOc1ccc2C=N3CC[NH]4CC[NH]5CCN6=Cc7ccc(OCCCCCC)cc7O[Mn+3]3456Oc2c1,oxidation,[Mn+3]
10,ALOVIH,Mn3,DCM,-0.73,CCCCCCOc1cccc2O[Mn+3]3456Oc7cccc(OCCCCCC)c7C=N3CCC[NH]4CC[NH]5CCCN6=Cc12,reduction,[Mn+3]
11,ALOVIH,Mn3,DCM,0.31,CCCCCCOc1cccc2O[Mn+3]3456Oc7cccc(OCCCCCC)c7C=N3CCC[NH]4CC[NH]5CCCN6=Cc12,oxidation,[Mn+3]
12,BOFLIT,Mn3,DMF,-0.32,[OH2][Mn+3]123([OH2])Oc4c(OCC)cccc4C=N1CCN2=Cc1cccc(OCC)c1O3,reduction,[Mn+3]
13,BOFLOZ,Mn3,DMF,-0.09,[OH2][Mn+3]123(Oc4c(OC)cccc4C=N1CCCN2=Cc1cccc(OC)c1O3)N=C=S,reduction,[Mn+3]
14,ALOVED,Mn3,DCM,0.26,CCCCCCOc1ccc2C=N3CCC[NH]4CC[NH]5CCCN6=Cc7ccc(OCCCCCC)cc7O[Mn+3]3456Oc2c1,oxidation,[Mn+3]
15,AQODAL,Mn4,DCM,-1.10,CC(C)(C)c1cc2N3c4cccc5cccn(c45)[Mn+4]453(Oc2c(c1)C(C)(C)C)Oc1c(cc(cc1C(C)(C)C)C(C)(C)C)N4c1cccc2cccn5c12,reduction,[Mn+4]
16,AQODAL,Mn4,DCM,"-0.33,0.095",CC(C)(C)c1cc2N3c4cccc5cccn(c45)[Mn+4]453(Oc2c(c1)C(C)(C)C)Oc1c(cc(cc1C(C)(C)C)C(C)(C)C)N4c1cccc2cccn5c12,oxidation,CC(C)(C)c1cc(Nc2cccc3cccnc23)c(O)c(C(C)(C)C)c1
17,ADEJIE,Fe2,ACN,"-1.64,-1.80",c1ccc2n(c1)[Fe+2]134(n5ccccc5c5cccc2n15)n1ccccc1c1cccc(n31)c1ccccn41,reduction,c1ccc(c2cccc(c3ccccn3)n2)nc1
18,ADEJIE,Fe2,ACN,0.71,c1ccc2n(c1)[Fe+2]134(n5ccccc5c5cccc2n15)n1ccccc1c1cccc(n31)c1ccccn41,oxidation,[Fe+2]
19,BEHHUT,Fe3,DMF,-1.61,C[OH][Fe+3]123(Oc4ccccc4C=N1c1ccccc1N2=Cc1ccccc1O3)N=[N+]=[N-],reduction,[Fe+3]
20,BEHJAB,Fe3,DMF,-1.57,C[OH][Fe+3]123(Oc4ccccc4C=N1c1ccccc1N2=Cc1ccccc1O3)N=C=S,reduction,[Fe+3]
21,PUSYIL,Fe3,MeOH,-0.23,Cl[Fe+3]123(Cl)Oc4ccc(cc4CN1(Cc1ccccn21)Cc1ccccn31)N(=O)=O,reduction,[Fe+3]
22,BEHJEF,Fe3,DMF,-0.627,COc1cccc2C=N3c4ccccc4N4=Cc5cccc(OC)c5O[Fe+3]34(Oc12)(N1=CNC=C1)N1=CNC=C1,reduction,[Fe+3]
23,BETCIP,Fe2,ACN,-0.03,Cl[Fe+2]123(Cl)O(C)c4ccccc4N1(Cc1ccccn21)Cc1ccccn31,oxidation,[Fe+2]
24,BUJGOD,Fe3,DCM,-0.877,Cl[Fe+3]1234Oc5ccccc5C[NH]1CC(C)(C[NH]2Cc1ccccc1O3)c1ccccn41,reduction,[Fe+3]
25,ESAHOV,Fe3,MeOH,-0.29,[OH2][Fe+3]123(Cl)Oc4ccc(cc4CN1(CCN2(C)C)Cc1cc(ccc1O3)N(=O)=O)N(=O)=O,reduction,[Fe+3]
26,GOCMER,Fe2,ACN,0.75,CC1=NN(C(=C1)C)c1cc2n3c(c1)c1ccccn1[Fe+2]143(n3ccccc23)n2ccccc2c2cc(cc(n12)c1ccccn41)N1N=C(C)C=C1C,oxidation,[Fe+2]
27,GOCMER,Fe2,ACN,"-1.44,-1.66",CC1=NN(C(=C1)C)c1cc2n3c(c1)c1ccccn1[Fe+2]143(n3ccccc23)n2ccccc2c2cc(cc(n12)c1ccccn41)N1N=C(C)C=C1C,reduction,CC1=CC(C)=NN1c1cc(c2ccccn2)nc(c2ccccn2)c1
28,GUVNES,Fe2,DCM,-0.21,Fc1c(F)c(F)c(c(F)c1F)B12n3cccn3[Fe+2]34(n5cccn15)(n1cccn21)n1cccn1B(c1c(F)c(F)c(F)c(F)c1F)(n1cccn31)n1cccn41,oxidation,[Fe+2]
29,NEKKUM,Fe2,THF,"-1.9,-2.75",Cl[Fe+2]123(N4C=CC=CC4=C4C=CC=CN41)N1C(=CC=C1C[P]2(C1CCCCC1)C1CCCCC1)C[P]3(C1CCCCC1)C1CCCCC1,reduction,[Fe+2]/C1=CNC(=C2C=CC=CN2)C=C1
30,NEKKUM,Fe2,THF,-0.71,Cl[Fe+2]123(N4C=CC=CC4=C4C=CC=CN41)N1C(=CC=C1C[P]2(C1CCCCC1)C1CCCCC1)C[P]3(C1CCCCC1)C1CCCCC1,oxidation,[Fe+2]
31,MALFET02,Fe2,H2O,-0.28,[OH2][Fe+2]([OH2])([OH2])([OH2])(OC(=O)C=CC(O)=O)OC(=O)C=CC(O)=O,oxidation,[Fe+2]
32,YEMRUE,Fe3,ACN,-0.70,Cl[Fe+3]123(Cl)OC(=O)CCN1(Cc1ccccn21)Cc1ccccn31,reduction,[Fe+3]
33,AROFIX,Fe3,ACN,-0.088,Cl[Fe+3]123(Cl)[OH]C(CCl)CN1(Cc1ccccn21)Cc1ccccn31,reduction,[Fe+3]
34,DISWUY,Fe2,ACN,"-0.89,-1.16,-2.0,-2.18",Cc1cccc2n1[Fe+2]134(n5c(C)cccc5c5nc(nc2n15)c1ccc(Br)cc1)n1c(C)cccc1c1nc(nc(n31)c1cccc(C)n41)c1ccc(Br)cc1,reduction,Cc1cccc(c2nc(c3ccc(Br)cc3)nc(c3cccc(C)n3)n2)n1/Cc1cccc(c2nc(c3ccc(Br)cc3)nc(c3cccc(C)n3)n2)n1
35,DISWUY,Fe2,ACN,1.24,Cc1cccc2n1[Fe+2]134(n5c(C)cccc5c5nc(nc2n15)c1ccc(Br)cc1)n1c(C)cccc1c1nc(nc(n31)c1cccc(C)n41)c1ccc(Br)cc1,oxidation,[Fe+2]
36,DISWOS,Fe2,ACN,1.00,Brc1ccc(cc1)c1nc2n3c(n1)c1ccccn1[Fe+2]143(n3ccccc23)n2ccccc2c2nc(nc(n12)c1ccccn41)c1ccc(Br)cc1,oxidation,[Fe+2]
37,DISWOS,Fe2,ACN,"-1.07,-1.22,-1.90,-2.20",Brc1ccc(cc1)c1nc2n3c(n1)c1ccccn1[Fe+2]143(n3ccccc23)n2ccccc2c2nc(nc(n12)c1ccccn41)c1ccc(Br)cc1,reduction,Brc1ccc(c2nc(c3ccccn3)nc(c3ccccn3)n2)cc1/Brc1ccc(c2nc(c3ccccn3)nc(c3ccccn3)n2)cc1
38,DISWEI,Fe2,ACN,"-1.58,-1.7",Brc1ccc(cc1)c1cc2n3c(c1)c1ccccn1[Fe+2]143(n3ccccc23)n2ccccc2c2cc(cc(n12)c1ccccn41)c1ccc(Br)cc1,reduction,Brc1ccc(c2cc(c3ccccn3)nc(c3ccccn3)c2)cc1
39,DISWEI,Fe2,ACN,0.73,Brc1ccc(cc1)c1cc2n3c(c1)c1ccccn1[Fe+2]143(n3ccccc23)n2ccccc2c2cc(cc(n12)c1ccccn41)c1ccc(Br)cc1,oxidation,[Fe+2]
40,ADEJOK,Fe2,ACN,0.52,CC(C)(C)C1=CC2=C3C=C(C(C)(C)C)C=CN3[Fe+2]34(N2C=C1)(N1C=CC(C(C)(C)C)=CC1=C1C=C(C(C)(C)C)C=CN13)N1C=CC(C(C)(C)C)=CC1=C1C=C(C(C)(C)C)C=CN14,oxidation,[Fe+2]
41,ADEJOK,Fe2,ACN,"-1.85,-2.04,-2.28",CC(C)(C)C1=CC2=C3C=C(C(C)(C)C)C=CN3[Fe+2]34(N2C=C1)(N1C=CC(C(C)(C)C)=CC1=C1C=C(C(C)(C)C)C=CN13)N1C=CC(C(C)(C)C)=CC1=C1C=C(C(C)(C)C)C=CN14,reduction,CC(C)(C)C1=CC(=C2C=C(C(C)(C)C)C=CN2)NC=C1
42,AGUYUW,Fe2,DCM,0.65,CCC[OH][Fe+2]123([OH]CCC)N4C5=C(C6=N1C(=C(C1=C(C(=C(N21)C(=C1N3=C(C(=C4C(=C5N(=O)=O)N(=O)=O)c2c(Cl)cccc2Cl)C(=C1N(=O)=O)N(=O)=O)c1c(Cl)cccc1Cl)N(=O)=O)N(=O)=O)c1c(Cl)cccc1Cl)C(=C6N(=O)=O)N(=O)=O)c1c(Cl)cccc1Cl,oxidation,[Fe+2]
43,AHINIR,Fe2,ACN,0.0,Cl[Fe+2]123(Cl)n4ccc(cc4CN1(C)CCN2(C)Cc1cc(ccn31)N(=O)=O)N(=O)=O,oxidation,[Fe+2]
44,AHINOX,Fe2,ACN,0.74,CC#N[Fe+2]123(N#CC)n4ccccc4CN1(C)CCN2(C)Cc1ccccn31,oxidation,[Fe+2]
45,AHINUD,Fe2,ACN,0.96,CC#N[Fe+2]123(N#CC)n4ccc(cc4CN1(C)CCN2(C)Cc1cc(ccn31)N(=O)=O)N(=O)=O,oxidation,[Fe+2]
46,DOMNAV,Fe2,ACN,-0.145,Cl[Fe+2]123(Cl)n4ccccc4CN1(Cc1ccccn21)Cc1cccc(C)n31,oxidation,[Fe+2]
47,DOMNEZ,Fe2,ACN,-0.025,[Fe+2]123(Cl)(Cl)[N](C[c]4n1cccc4)(C[c]1n2c(ccc1)C)C[c]1n3c(ccc1)C,oxidation,[Fe+2]
48,ELEWUO,Fe2,ACN,-0.17,Cl[Fe+2]123(Cl)n4ccccc4CN1(Cc1ccccn21)Cc1cccc(I)n31,oxidation,[Fe+2]
49,DOMNID,Fe2,ACN,0.09,[Fe+2]12(Cl)(Cl)n3[c](cccc3C)C[N]1(Cc1nc(C)ccc1)Cc1n2[c](ccc1)C,oxidation,[Fe+2]
50,BILXAX,Fe2,DMF,"-0.47,-0.25",O=C1O[Fe+2]234(OC5=C(Oc6ccccc6C5=O2)c2ccccc2)n2ccccc2CN3(Cc2ccccn42)Cc2ccccc12,oxidation,[Fe+2]/O=C1C(O)=C(c2ccccc2)Oc2ccccc21
51,DISWIM,Fe2,ACN,1.51,Brc1ccc(cc1)c1nc2n3c(n1)c1cnccn1[Fe+2]143(n3ccncc23)n2ccncc2c2nc(nc(n12)c1cnccn41)c1ccc(Br)cc1,oxidation,[Fe+2]
52,FIJTIC,Fe2,ACN,0.33,CCN1C=CN2=C1N=N(c1ccc(C)cc1)[Fe+2]12(N=C=S)(N=C=S)N2=C(N=N1c1ccc(C)cc1)N(CC)C=C2,oxidation,[Fe+2]
53,DISWIM,Fe2,ACN,"-0.80,-0.89,-1.51,-1.78",Brc1ccc(cc1)c1nc2n3c(n1)c1cnccncd1[Fe+2]143(n3ccncc23)n2ccncc2c2nc(nc(n12)c1cnccn41)c1ccc(Br)cc1,reduction,Brc1ccc(c2nc(c3cnccn3)nc(c3cnccn3)n2)cc1/Brc1ccc(c2nc(c3cnccn3)nc(c3cnccn3)n2)cc1
54,MAPSEC,Fe2,DCM,"0.07,0.73,1.02",COC(=O)C1=CC2=C(C=C1C(=O)OC)C1=C(c3ccccc3)C3=N4C(=C(c5ccccc5)C5=C6C=C(C(=O)OC)C(=CC6=C6N5[Fe+2]54(N1C2=C(c1ccccc1)C1=N5C(=C6c2ccccc2)C2=C1C=C(C(=O)OC)C(=C2)C(=O)OC)(n1ccccc1)n1ccccc1)C(=O)OC)C1=C3C=C(C(=O)OC)C(=C1)C(=O)OC,oxidation,[Fe+2]/COC(=O)C1=CC2=C(C=C1C(=O)OC)C1=C(c3ccccc3)C3=C4C=C(C(=O)OC)C(C(=O)OC)=CC4=C(N3)C(c3ccccc3)=C3N=C(C4=C3C=C(C(=O)OC)C(C(=O)OC)=C4)C(c3ccccc3)=C3NC(=C(c4ccccc4)C2=N1)C1=C3C=C(C(=O)OC)C(C(=O)OC)=C1/COC(=O)C1=CC2=C(C=C1C(=O)OC)C1=C(c3ccccc3)C3=C4C=C(C(=O)OC)C(C(=O)OC)=CC4=C(N3)C(c3ccccc3)=C3N=C(C4=C3C=C(C(=O)OC)C(C(=O)OC)=C4)C(c3ccccc3)=C3NC(=C(c4ccccc4)C2=N1)C1=C3C=C(C(=O)OC)C(C(=O)OC)=C1
55,NAMLEV,Fe2,ACN,-0.772,Fc1ccc2O[Fe+2]345(Oc6ccc(F)cc6C=N3c3cccc6cccn4c36)n3cccc4cccc(N5=Cc2c1)c34,oxidation,[Fe+2]
56,NEBYOL,Fe2,ACN,0.82,FC(F)(F)S(=O)(=O)O[Fe+2]123(OS(=O)(=O)C(F)(F)F)n4ccccc4CN41Cc1ccccc1C4C1c4ccccc4CN21Cc1ccccn31,oxidation,[Fe+2]
57,NEBYUR,Fe2,ACN,0.81,CC(C)[Si](C(C)C)(C(C)C)c1ccc2CN34Cc5ccccc5C3C3c5ccccc5CN53Cc3ccc(cn3[Fe+2]45(OS(=O)(=O)C(F)(F)F)(OS(=O)(=O)C(F)(F)F)n2c1)[Si](C(C)C)(C(C)C)C(C)C,oxidation,[Fe+2]
58,CAKKOQ,Cu2,DCM,-1.26,O=C1N2c3ccccc3O3CCO4c5ccccc5N5C(=O)c6ccccn6[Cu+2]2345n2ccccc12,reduction,[Cu+2]
59,CAKKOQ,Ni2,DCM,0.79,O=C1N2c3ccccc3O3CCO4c5ccccc5N5C(=O)c6ccccn6[Ni+2]2345n2ccccc12,oxidation,[Ni+2]
60,CAKKOQ,Co2,DCM,0.10,O=C1N2c3ccccc3O3CCO4c5ccccc5N5C(=O)c6ccccn6[Co+2]2345n2ccccc12,oxidation,[Co+2]
61,CIBDIB,Co2,ACN,-1.22,COc1cccc2C=O[Co+2]34(Oc12)(Oc1c(OC)cccc1C=O3)n1ccccc1c1ccccn41,reduction,[Co+2]
62,CIBDIB,Co2,ACN,"0.11,1.06,1.06,1.28",COc1cccc2C=O[Co+2]34(Oc12)(Oc1c(OC)cccc1C=O3)n1ccccc1c1ccccn41,oxidation,[Co+2]/COc1cccc(C=O)c1O/c1ccc(c2ccccn2)nc1
63,DAVGOX,Mn3,ACN,-0.347,C[OH][Mn+3]123(Oc4ccccc4C=N1c1ccccc1N2=Cc1ccccc1O3)Oc1ccccc1C1=Nc2ccccc2N1,reduction,[Mn+3]
64,FILSIE,Mn3,DMF,-0.30,[OH2][Mn+3]123(Oc4c(OC)cccc4C=N1CCN2=Cc1cccc(OC)c1O3)N#C[N-]C#N,reduction,[Mn+3]
65,DAVGOX,Mn3,ACN,0.023,C[OH][Mn+3]123(Oc4ccccc4C=N1c1ccccc1N2=Cc1ccccc1O3)Oc1ccccc1C1=Nc2ccccc2N1,oxidation,[Mn+3]
66,DEVMOH01,Mn3,DMF,-0.627,[OH2][Mn+3]123(Cl)Oc4c(OCC)cccc4C=N1CCN2=Cc1cccc(OCC)c1O3,reduction,[Mn+3]
67,EBEFAU02,Mn3,DMF,-0.63,[OH2][Mn+3]123(Oc4c(OCC)cccc4C=N1CCN2=Cc1cccc(OCC)c1O3)N=C=S,reduction,[Mn+3]
68,ZIRNUL,Mn3,DMF,-0.64,[OH2][Mn+3]123(OC(C)=O)Oc4c(OCC)cccc4C=N1CCN2=Cc1cccc(OCC)c1O3,reduction,[Mn+3]
69,ZIRPEX,Mn3,DMF,-0.64,[OH2][Mn+3]123(Oc4c(OCC)cccc4C=N1CCN2=Cc1cccc(OCC)c1O3)N=[N+]=[N-],reduction,[Mn+3]
70,ZIRPOH,Mn3,DMF,-0.63,[OH2][Mn+3]123(Oc4c(OCC)cccc4C=N1CCN2=Cc1cccc(OCC)c1O3)N=C=[S],reduction,[Mn+3]
71,MADVET,Mn3,DMF,-0.36,O1c2ccccc2C=N2CC[NH]3CC[NH]4CCN5=Cc6ccccc6O[Mn+3]12345,reduction,[Mn+3]
72,MADVET,Mn3,DMF,0.28,O1c2ccccc2C=N2CC[NH]3CC[NH]4CCN5=Cc6ccccc6O[Mn+3]12345,oxidation,[Mn+3]
73,NACZEX,Mn3,DMF,-0.54,C[OH][Mn+3]123(Oc4c(O)cccc4C=N1CCN2=Cc1cccc(O)c1O3)[OH]C,reduction,[Mn+3]
74,EGOTID,Mn4,ACN,-0.96,O1C2CCCCC2N2=Cc3ccccc3O[Mn+4]3412OC1CCCCC1N3=Cc1ccccc1O4,reduction,[Mn+4]
75,EGOTOJ,Mn4,ACN,-0.90,O1CCN2=Cc3c(O[Mn+4]4512OCCN4=Cc1c(O5)ccc2ccccc12)ccc1ccccc31,reduction,[Mn+4]
76,GAQDUX,Mn4,ACN,-0.82,O1CCN2=Cc3ccccc3O[Mn+4]3412OCCN3=Cc1ccccc1O4,reduction,[Mn+4]
77,AXISIJ,Mn2,1:1 ACN/DMF,0.12,Cl[Mn+2]123(Cl)Oc4ccc(cc4CN1(Cc1ccccn21)Cc1ccccn31)N(=O)=O,oxidation,[Mn+2]
78,AXISOP,Mn2,ACN,0.13,Cl[Mn+2]12(Cl)([OH]CC)n3ccccc3CN1(Cc1cccc(C)n21)Cc1cc(ccc1O)N(=O)=O,oxidation,[Mn+2]
79,AXITAC,Mn2,ACN,0.35,Br[Mn+2]123(Br)[OH]c4ccc(Br)cc4CN1(Cc1ccccn21)Cc1ccccn31,oxidation,[Mn+2]
80,FAQSAU,Co2,ACN,-0.71,Cl[Co+2]12(Cl)(O=C(N(C(C)C)C(C)C)c3ccccn13)O=C(N(C(C)C)C(C)C)c1ccccn21,reduction,[Co+2]
81,FAQSAU,Co2,ACN,0.41,Cl[Co+2]12(Cl)(O=C(N(C(C)C)C(C)C)c3ccccn13)O=C(N(C(C)C)C(C)C)c1ccccn21,oxidation,[Co+2]
82,NELLUN,Co2,DMF,-1.51,[N-]=[N+]=N[Co+2]123(N=[N+]=[N-])[NH](CC[NH]1Cc1ccccn21)Cc1ccccn31,reduction,[Co+2]
83,NELMAU,Co2,DMF,-1.41,COC1[NH]2CC[NH]3C(OC)c4ccccn4[Co+2]23(N=[N+]=[N-])(N=[N+]=[N-])n2ccccc12,reduction,[Co+2]
84,BILXEB,Co2,DMF,"-0.44,-0.07",O=C1O[Co+2]234(OC5=C(Oc6ccccc6C5=O2)c2ccccc2)n2ccccc2CN3(Cc2ccccn42)Cc2ccccc12,oxidation,[Co+2]/O=C1C(O)=C(c2ccccc2)Oc2ccccc21
85,MOHFUM,Co2,MeOH,0.123,[OH2][Co+2]123(Cl)N(=Cc4ccccn14)CC(C)(C)CN2=Cc1ccccn31,oxidation,[Co+2]
86,MOHGAT,Co2,MeOH,-0.017,CC1(C)CN2=Cc3ccccn3[Co+2]32(N=C=S)(N=C=S)N(=Cc2ccccn32)C1,oxidation,[Co+2]
87,CANZOI,Fe2,9:1 ACN/DCM,0.69,COc1ccc(cc1)c1cccc2cc3n(cc12)[Fe+2]124(n5cc6c(cccc6c6ccc(OC)cc6)cc5c5cccc3n15)n1cc3c(cccc3c3ccc(OC)cc3)cc1c1cccc(n21)c1cc2cccc(c3ccc(OC)cc3)c2cn41,oxidation,[Fe+2]
88,CANZUO,Fe2,9:1 ACN/DCM,0.70,C1CCOCCOc2ccc(cc2)c2cccc3cc4n(cc23)[Fe+2]235(n6cc7c(cccc7c7ccc(OCCOC1)cc7)cc6c1cccc4n21)n1cc2c4cccc2c2ccc(OCCOCCCCOCCOc6ccc(cc6)c6cccc7cc(n3cc67)c3cccc(n53)c1c4)cc2,oxidation,[Fe+2]
89,CANZUO,Co3,9:1 ACN/DCM,-0.20,C1CCOCCOc2ccc(cc2)c2cccc3cc4n(cc23)[Co+3]235(n6cc7c(cccc7c7ccc(OCCOC1)cc7)cc6c1cccc4n21)n1cc2c4cccc2c2ccc(OCCOCCCCOCCOc6ccc(cc6)c6cccc7cc(n3cc67)c3cccc(n53)c1c4)cc2,reduction,[Co+3]
90,CAXTUR,Mn2,ACN,"0.11,1.14",Cl[Mn+2]123(Cl)n4c5CN1(C)Cc1cccc(CN2(C)Cc4ccc5)n31,oxidation,[Mn+2]/[Mn+2]
91,CAXVAZ,Mn3,ACN,-0.46,F[Mn+3]123(F)n4c5CN1(C)Cc1cccc(CN2(C)Cc4ccc5)n31,reduction,[Mn+3]
92,CAXTUR,Mn3,ACN,0.96,F[Mn+3]123(F)n4c5CN1(C)Cc1cccc(CN2(C)Cc4ccc5)n31,oxidation,[Mn+3]
93,CUSVOC,Mn2,DMSO,-0.45,O=C1C(=O)C2=CC=CN3C2=C2C1=CC=CN2[Mn+2]31(N=C=S)(N=C=S)N2C=CC=C3C(=O)C(=O)C4=CC=CN1C4=C32,oxidation,"[Mn+2]
DADBUI,Mn2,DMF,-0.333,CC1=N(O)[Mn+2]234(Oc5c(Br)cc(Br)cc5C=N2c2ccccc12)Oc1c(Br)cc(Br)cc1C=N3c1ccccc1C(=N4O)C,metal,oxidation,,[Mn+2]"""
94,GAQMOA,Mn3,ACN,0.48,Cc1ccc2OC3=N(c2c1)[Mn+3]12(Oc4ccccc34)(Oc3ccccc3C3=N1c1cc(C)ccc1O3)Oc1ccccc1C1=N2c2cc(C)ccc2O1,oxidation,[Mn+3]
95,GAQMOA,Mn3,ACN,-0.68,Cc1ccc2OC3=N(c2c1)[Mn+3]12(Oc4ccccc34)(Oc3ccccc3C3=N1c1cc(C)ccc1O3)Oc1ccccc1C1=N2c2cc(C)ccc2O1,reduction,[Mn+3]
96,MIKKEX,Mn2,DCM,"0.79,1.66",Cl[Mn+2]123(Cl)n4ccccc4CN1(Cc1ccccn21)Cc1ccccn31,oxidation,[Mn+2]/[Mn+2]
97,FAQFIP,Cu2,ACN,"0.82,0.82,0.94",[cH]1cc(ccn1[Cu+2]12(n3[cH]cc(cc3)C(=O)N(C(C)C)C(C)C)(O[N](=O)O1)(O[N](=O)O2)([OH2])[O])C(=O)N(C(C)C)C(C)C,oxidation,CC(C)N(C(=O)c1ccncc1)C(C)C/[Cu+2]
98,NIZBED,Ni2,MeCN,-0.0010,N#Cc1cc2S[Ni+2]3(Sc4cc(C#N)c(cc4[S-]3)C#N)[S-]c2cc1C#N,oxidation,[Ni+2]
99,NIHNEX,Ni2,MeCN,1.019,CC(=O)C1=C[NH]2C3CCCCC3[NH]3C=C(C(C)=O)C(=O[Ni+3]23O=C1C)C,oxidation,CC(=O)C(=CNC1CCCCC1NC=C(C(C)=O)C(C)=O)C(C)=O
100,NIHNEX,Ni2,MeCN,-1.692,CC(=O)C1=C[NH]2C3CCCCC3[NH]3C=C(C(C)=O)C(=O[Ni+3]23O=C1C)C,reduction,[Ni+3]
101,MOHHOI,Cu2,DMF,-0.95,NC1=[NH][Cu+2]2(Oc3ccccc3C=N2N1)N=[N+]=[N-],reduction,[Cu+2]
102,MOHHOI,Cu2,DMF,-0.18,NC1=[NH][Cu+2]2(Oc3ccccc3C=N2N1)N=[N+]=[N-],oxidation,[N-]=[N+]=N
103,MOHHIC,Cu2,DMF,-0.88,NC1=[NH][Cu+2]2(Oc3ccccc3C=N2N1)N=C=S,reduction,[Cu+2]
104,MOHHIC,Cu2,DMF,0.07,NC1=[NH][Cu+2]2(Oc3ccccc3C=N2N1)N=C=S,oxidation,N=C=S
105,JOHMOJ,Ti4,THF,"-2.18,-2.76,-3.19",Cl[Ti+4]12345678(Oc9ccccc9)(c9c1c2c3(c49)[Si](C)(C)C)c1c5c6c7(c81)[Si](C)(C)C,reduction,[Ti+4]/[Ti+4]/[Ti+4]
106,JOHNEA,Ti4,THF,"-2.24,-2.82",Cl[Ti+4]12345678(Oc9ccc(OC)cc9)(c9c1c2c3(c49)[Si](C)(C)C)c1c5c6c7(c81)[Si](C)(C)C,reduction,[Ti+4]/[Ti+4]
107,JOHNIE,Ti4,THF,"-1.98,-3.02",Cl[Ti+4]12345678(Oc9ccc(cc9)C(=O)OC)(c9c1c2c3(c49)[Si](C)(C)C)c1c5c6c7(c81)[Si](C)(C)C,reduction,[Ti+4]/[Ti+4]
108,JOHMID,Ti4,THF,"-2.19,-2.37,-2.6",Cl[Ti+4]12345678(Oc9cccc(c9)N(=O)=O)(c9c1c2c3(c49)[Si](C)(C)C)c1c5c6c7(c81)[Si](C)(C)C,reduction,[Ti+4]/[Ti+4]/[Ti+4]
109,JOHMUP,Ti4,THF,"-2.02,-3.07",C[Si](C)(C)c12c3c4c5c1[Ti+4]16782345(Oc2ccc(cc2)N(=O)=O)(Oc2ccc(cc2)N(=O)=O)c2c1c6c7(c82)[Si](C)(C)C,reduction,[Ti+4]/[Ti+4]
110,TOXSOO,Ni2,DMSO,0.29300000000000004,O=C1S[Ni+2]2(S1)[P](CC[P]2(c1ccccc1)c1ccccc1)(c1ccccc1)c1ccccc1,oxidation,[Ni+2]
111,BOFWUO,Fe1,DCM,-0.1,Cc12c3(C)c4(C)c56SSSc78c9(C)c%10(C)c%11(C)c7(C)[Fe+]134589%10%11c26C,oxidation,[Fe+]
112,BOFQOC,Fe1,DCM,"-0.16,0.24",C1CCC2=C(C1)SC(S2)=C(C=C1SC2=C(SCCS2)S1)c12c3c4c5c1[Fe+]16782345c2c1c6c7(c82)C(C=C1SC2=C(SCCS2)S1)=C1SC2=C(CCCC2)S1,oxidation,[Fe+]/[Fe+]
113,BOFZUR,Fe1,DCM,-0.07,C1CSC2=C(S1)SC(S2)=C(C=C1Sc2ccccc2S1)c12c3c4c5c1[Fe+]16782345c2c1c6c7c82,oxidation,[Fe+]
114,BOGBAA,Fe1,DCM,-0.1,C1CSC2=C(S1)SC(S2)=CC(=C1SC2=C(SCCS2)S1)c12c3c4c5c1[Fe+]16782345c2c1c6c7c82,oxidation,[Fe+]
115,BOFZIF,Fe1,DCM,"0.02,0.78",O=CC(=C1Sc2ccccc2S1)c12c3c4c5c1[Fe+]16782345c2c1c6c7(c82)C(C=O)=C1Sc2ccccc2S1,oxidation,[Fe+]/[Fe+]
